WORD,TOTAL SCORE,UNIQUE SCORE
arose,12215,12215
raise,11892,11892
arise,11892,11892
stare,11885,11885
saner,11585,11585
snare,11585,11585
aisle,11568,11568
steal,11561,11561
least,11561,11561
stale,11561,11561
slate,11561,11561
loser,11453,11453
store,11452,11452
scare,11264,11264
parse,11255,11255
spare,11255,11255
spear,11255,11255
aside,11163,11163
stead,11156,11156
snore,11152,11152
smear,11143,11143
stole,11128,11128
share,11114,11114
shear,11114,11114
saute,11064,11064
rouse,10956,10956
scale,10940,10940
caste,10939,10939
sepia,10937,10937
lapse,10931,10931
paste,10930,10930
yeast,10861,10861
safer,10861,10861
sedan,10856,10856
noise,10834,10834
score,10831,10831
rinse,10829,10829
resin,10829,10829
risen,10829,10829
siren,10829,10829
stone,10827,10827
onset,10827,10827
prose,10822,10822
spore,10822,10822
poser,10822,10822
stern,10822,10822
steam,10818,10818
islet,10805,10805
swear,10805,10805
solar,10792,10792
roast,10791,10791
leash,10790,10790
shale,10790,10790
haste,10789,10789
baste,10690,10690
beast,10690,10690
shore,10681,10681
horse,10681,10681
stage,10654,10654
louse,10632,10632
sober,10582,10582
steak,10571,10571
skate,10571,10571
stake,10571,10571
false,10537,10537
feast,10536,10536
spade,10526,10526
close,10507,10507
stein,10504,10504
poise,10504,10504
crest,10501,10501
spire,10499,10499
slope,10498,10498
pesto,10497,10497
arson,10491,10491
sonar,10491,10491
ashen,10489,10489
waste,10480,10480
sweat,10480,10480
stair,10468,10468
irate,10444,10444
cause,10443,10443
sauce,10443,10443
alter,10438,10438
later,10438,10438
alert,10438,10438
pause,10434,10434
slide,10401,10401
miser,10387,10387
smote,10385,10385
shade,10385,10385
sower,10372,10372
swore,10372,10372
worse,10372,10372
adore,10363,10363
shire,10358,10358
those,10356,10356
ethos,10356,10356
nurse,10326,10326
amuse,10322,10322
space,10309,10309
suite,10308,10308
erase,13309,10300
salve,10294,10294
slave,10294,10294
stave,10293,10293
sneak,10271,10271
snake,10271,10271
scone,10206,10206
abuse,10194,10194
verso,10185,10185
slice,10184,10184
spiel,10175,10175
spite,10174,10174
spelt,10168,10168
slept,10168,10168
chase,10168,10168
salon,10167,10167
snarl,10162,10162
phase,10159,10159
shape,10159,10159
usage,10158,10158
alone,10143,10143
atone,10142,10142
skier,10140,10140
learn,10138,10138
renal,10138,10138
stoke,10138,10138
opera,10137,10137
nosey,10128,10128
serif,10105,10105
snide,10100,10100
style,10099,10099
smile,10063,10063
slime,10063,10063
smite,10062,10062
smelt,10056,10056
shone,10056,10056
wiser,10049,10049
shame,10047,10047
wrest,10042,10042
aider,10040,10040
heist,10033,10033
trade,10033,10033
tread,10033,10033
curse,10005,10005
unset,10001,10001
purse,9996,9996
super,9996,9996
lease,12985,9976
easel,12985,9976
taste,11560,9975
asset,13008,9975
state,11560,9975
tease,12984,9975
speak,9941,9941
mouse,9889,9889
serum,9884,9884
since,9883,9883
scope,9876,9876
scent,9876,9876
copse,9876,9876
snipe,9874,9874
spine,9874,9874
spent,9867,9867
solve,9861,9861
stove,9860,9860
house,9860,9860
usher,9855,9855
coast,9845,9845
ascot,9845,9845
snail,9844,9844
slain,9844,9844
satin,9843,9843
saint,9843,9843
stain,9843,9843
slant,9837,9837
strap,9831,9831
alien,9820,9820
clear,9817,9817
crate,9816,9816
cater,9816,9816
react,9816,9816
trace,9816,9816
leant,9813,9813
pearl,9808,9808
paler,9808,9808
taper,9807,9807
shake,9800,9800
poesy,9798,9798
suave,9797,9797
spied,9770,9770
artsy,9762,9762
stray,9762,9762
satyr,9762,9762
rebus,9756,9756
sperm,9750,9750
relay,9739,9739
staid,9739,9739
early,9739,9739
layer,9739,9739
teary,9738,9738
anode,9738,9738
chose,9735,9735
shine,9733,9733
snort,9728,9728
surge,9720,9720
smart,9719,9719
ideal,9716,9716
dealt,9709,9709
delta,9709,9709
tenor,9704,9704
realm,9696,9696
shoal,9696,9696
tamer,9695,9695
trash,9690,9690
pulse,9672,9672
upset,9671,9671
setup,9671,9671
heart,9666,9666
hater,9666,9666
earth,9666,9666
shied,9629,9629
older,9601,9601
singe,9598,9598
boast,9596,9596
blare,9568,9568
baler,9568,9568
spice,9553,9553
riser,11454,9544
loose,11458,9543
reset,12546,9537
ester,12546,9537
terse,12546,9537
steer,12546,9537
torus,9532,9532
glare,9532,9532
regal,9532,9532
large,9532,9532
lager,9532,9532
grate,9531,9531
great,9531,9531
savor,9524,9524
shave,9522,9522
ocean,9521,9521
canoe,9521,9521
crane,9516,9516
route,9508,9508
spoke,9508,9508
outer,9508,9508
splat,9507,9507
eclat,9492,9492
cleat,9492,9492
askew,9491,9491
pleat,9483,9483
plate,9483,9483
petal,9483,9483
leapt,9483,9483
stark,9472,9472
spend,9463,9463
taker,9448,9448
salty,9438,9438
yearn,9438,9438
stand,9432,9432
sinew,9424,9424
swine,9424,9424
mason,9424,9424
screw,9421,9421
afire,9420,9420
flare,9414,9414
feral,9414,9414
after,9413,9413
cedar,9412,9412
laden,9409,9409
chest,9405,9405
drape,9403,9403
guise,9402,9402
sport,9398,9398
smoke,9396,9396
ramen,9395,9395
guest,9395,9395
liner,9382,9382
inert,9381,9381
straw,9381,9381
inter,9381,9381
email,9378,9378
trope,9374,9374
metal,9371,9371
shalt,9366,9366
exist,9358,9358
water,9357,9357
cease,12363,9354
ratio,9350,9350
lathe,9342,9342
ready,9334,9334
story,9329,9329
fresh,9327,9327
solid,9307,9307
drone,9300,9300
dream,9291,9291
shard,9286,9286
storm,9286,9286
idler,9278,9278
fetus,9277,9277
tried,9277,9277
essay,12309,9276
whose,9276,9276
basil,9274,9274
shrew,9271,9271
blast,9267,9267
heard,9262,9262
metro,9262,9262
short,9257,9257
bleat,9243,9243
table,9243,9243
noose,11157,9242
sneer,12246,9237
other,9233,9233
masse,12266,9233
anger,9231,9231
range,9231,9231
scant,9215,9215
agile,9214,9214
sleet,12222,9213
steel,12222,9213
scrap,9210,9210
salvo,9200,9200
lance,9192,9192
clean,9192,9192
enact,9191,9191
caper,9186,9186
recap,9186,9186
spike,9185,9185
plane,9183,9183
panel,9183,9183
penal,9183,9183
ovate,9175,9175
avert,9170,9170
adobe,9168,9168
abode,9168,9168
bread,9163,9163
debar,9163,9163
beard,9163,9163
oaken,9153,9153
stalk,9148,9148
scary,9141,9141
soapy,9137,9137
nasty,9137,9137
dress,12166,9133
raspy,9132,9132
spray,9132,9132
alike,9131,9131
grade,9127,9127
scald,9112,9112
repay,9108,9108
payer,9108,9108
scorn,9107,9107
abase,11453,9105
scram,9098,9098
fetal,9089,9089
stoic,9089,9089
shove,9089,9089
decal,9088,9088
swept,9087,9087
cadet,9087,9087
crone,9083,9083
spoil,9081,9081
posit,9080,9080
cameo,9079,9079
pedal,9079,9079
plead,9079,9079
adept,9078,9078
anime,9077,9077
strip,9075,9075
cream,9074,9074
chaos,9074,9074
prone,9074,9074
meant,9070,9070
crash,9069,9069
waist,9063,9063
relic,9061,9061
trice,9060,9060
sharp,9060,9060
sugar,9059,9059
inlet,9057,9057
peril,9052,9052
plier,9052,9052
tripe,9051,9051
reach,9045,9045
drake,9044,9044
sheik,9044,9044
surer,10951,9041
reuse,12050,9041
daisy,9040,9040
stork,9039,9039
argue,9035,9035
sadly,9034,9034
bused,9027,9027
trial,9021,9021
trail,9021,9021
delay,9010,9010
frost,9004,9004
flesh,9003,9003
shelf,9003,9003
acute,8995,8995
relax,8992,8992
extra,8991,8991
forte,8980,8980
credo,8979,8979
decor,8979,8979
diner,8977,8977
olden,8976,8976
basin,8973,8973
media,8973,8973
trend,8970,8970
moist,8968,8968
medal,8967,8967
shorn,8957,8957
tilde,8953,8953
worst,8948,8948
marsh,8948,8948
welsh,8947,8947
radio,8946,8946
brace,8946,8946
hoist,8939,8939
merit,8939,8939
remit,8939,8939
timer,8939,8939
motel,8938,8938
death,8937,8937
shirt,8934,8934
heron,8933,8933
sloth,8933,8933
slang,8931,8931
angst,8930,8930
lower,8925,8925
grasp,8925,8925
harem,8924,8924
tower,8924,8924
wrote,8924,8924
cress,11949,8916
scree,11925,8916
posse,11945,8912
tense,11921,8912
scour,8911,8911
their,8910,8910
grace,8910,8910
hotel,8909,8909
snout,8907,8907
angle,8907,8907
spree,11916,8907
angel,8907,8907
press,11940,8907
glean,8907,8907
agent,8906,8906
grape,8901,8901
clasp,8886,8886
scalp,8886,8886
urine,8885,8885
lasso,11915,8882
toast,10466,8881
start,10461,8876
vista,8876,8876
raven,8870,8870
place,8862,8862
utile,8861,8861
alive,8853,8853
terra,10762,8852
eater,11861,8852
treat,10437,8852
stank,8847,8847
valet,8846,8846
haute,8845,8845
abide,8845,8845
spark,8842,8842
blade,8839,8839
abled,8839,8839
borne,8834,8834
gayer,8832,8832
horde,8829,8829
creak,8827,8827
amber,8825,8825
ankle,8824,8824
taken,8823,8823
brash,8820,8820
scaly,8817,8817
scarf,8816,8816
tribe,8811,8811
palsy,8808,8808
steed,11817,8808
patsy,8807,8807
pasty,8807,8807
glade,8803,8803
moose,10715,8800
goner,8798,8798
rehab,8796,8796
omega,8794,8794
farce,8792,8792
gamer,8789,8789
scion,8789,8789
sonic,8789,8789
dance,8787,8787
tiger,8775,8775
quest,8769,8769
visor,8768,8768
sheer,11775,8766
psalm,8765,8765
stamp,8764,8764
nicer,8760,8760
clone,8759,8759
opine,8756,8756
spilt,8751,8751
split,8751,8751
ripen,8751,8751
camel,8750,8750
clash,8745,8745
maple,8741,8741
ample,8741,8741
lover,8738,8738
voter,8737,8737
overt,8737,8737
trove,8737,8737
sandy,8733,8733
coral,8723,8723
issue,11756,8723
carol,8723,8723
actor,8722,8722
leach,8721,8721
train,8720,8720
teach,8720,8720
cheat,8720,8720
talon,8719,8719
tonal,8719,8719
skirt,8716,8716
polar,8714,8714
noisy,8711,8711
maker,8706,8706
stony,8704,8704
shark,8701,8701
foist,8686,8686
disco,8685,8685
first,8681,8681
scold,8679,8679
entry,8675,8675
mealy,8672,8672
obese,11681,8672
meaty,8671,8671
frame,8671,8671
matey,8671,8671
exalt,8667,8667
amend,8666,8666
hasty,8666,8666
barge,8661,8661
flier,8658,8658
filer,8658,8658
rifle,8658,8658
weary,8658,8658
refit,8657,8657
cried,8656,8656
cider,8656,8656
basic,8652,8652
zesty,8648,8648
sworn,8648,8648
pried,8647,8647
pride,8647,8647
royal,8645,8645
depot,8645,8645
adorn,8639,8639
miner,8639,8639
swarm,8639,8639
melon,8638,8638
lemon,8638,8638
goose,10551,8636
swirl,8626,8626
wrist,8625,8625
owner,8624,8624
cable,8622,8622
triad,8616,8616
chore,8612,8612
rogue,8602,8602
rouge,8602,8602
molar,8602,8602
moral,8602,8602
write,8601,8601
towel,8600,8600
locus,8587,8587
lithe,8586,8586
scout,8586,8586
spell,10169,8583
sleep,11592,8583
steep,11591,8582
crust,8581,8581
break,8578,8578
baker,8578,8578
brake,8578,8578
spout,8577,8577
slurp,8573,8573
spurt,8572,8572
pecan,8561,8561
untie,8560,8560
unite,8560,8560
cruel,8558,8558
ulcer,8558,8558
recut,8557,8557
truce,8557,8557
speck,8557,8557
stall,10138,8552
naive,8552,8552
arena,10900,8552
crave,8549,8549
carve,8549,8549
erupt,8548,8548
navel,8546,8546
sword,8544,8544
bison,8540,8540
model,8534,8534
elate,11537,8528
latte,10113,8528
slack,8527,8527
stack,8526,8526
ultra,8518,8518
testy,10098,8513
brine,8511,8511
noble,8510,8510
lousy,8509,8509
dense,11517,8508
pansy,8507,8507
surly,8504,8504
probe,8504,8504
rusty,8503,8503
sound,8503,8503
amble,8501,8501
blame,8501,8501
savoy,8500,8500
sigma,8495,8495
homer,8491,8491
azure,8491,8491
pesky,8479,8479
reign,8475,8475
labor,8474,8474
under,8474,8474
abort,8473,8473
image,8471,8471
bathe,8471,8471
smell,10057,8471
fecal,8468,8468
grope,8468,8468
facet,8467,8467
gleam,8465,8465
sewer,11466,8457
crisp,8454,8454
wager,8451,8451
dread,9629,8448
roost,10358,8443
torso,10358,8443
shell,10028,8442
these,11450,8441
sheet,11450,8441
lemur,8437,8437
shout,8436,8436
south,8436,8436
price,8430,8430
inept,8426,8426
leaky,8425,8425
freak,8424,8424
crept,8423,8423
acorn,8422,8422
olive,8420,8420
knead,8419,8419
otter,10004,8419
retro,10329,8419
ensue,11425,8416
liver,8415,8415
rivet,8414,8414
apron,8413,8413
bride,8407,8407
octal,8398,8398
patio,8395,8395
ombre,8392,8392
token,8390,8390
leafy,8390,8390
tapir,8390,8390
decay,8388,8388
poker,8385,8385
awoke,8373,8373
dirge,8371,8371
ridge,8371,8371
lodge,8370,8370
wreak,8368,8368
craze,8366,8366
force,8359,8359
infer,8357,8357
finer,8357,8357
felon,8356,8356
often,8355,8355
value,8350,8350
flame,8347,8347
reply,8346,8346
rayon,8344,8344
bless,11376,8343
beset,11351,8342
hyena,8342,8342
flash,8342,8342
shaft,8341,8341
bagel,8337,8337
begat,8336,8336
wafer,8333,8333
drove,8333,8333
prism,8333,8333
filet,8333,8333
burst,8332,8332
stomp,8331,8331
edict,8331,8331
plied,8323,8323
tepid,8322,8322
swami,8321,8321
saucy,8320,8320
flora,8320,8320
crime,8318,8318
comet,8316,8316
nadir,8316,8316
drain,8316,8316
boule,8314,8314
siege,11322,8313
bluer,8309,8309
prime,8309,8309
rebut,8308,8308
brute,8308,8308
tuber,8308,8308
tempo,8307,8307
above,8305,8305
cower,8303,8303
manor,8301,8301
gusto,8301,8301
brave,8300,8300
synod,8300,8300
power,8294,8294
tidal,8292,8292
scene,11300,8291
intro,8287,8287
shawl,8286,8286
swath,8285,8285
retch,8282,8282
foyer,8281,8281
sumac,8277,8277
gruel,8273,8273
spurn,8272,8272
nerdy,8271,8271
sever,11279,8270
serve,11279,8270
verse,11279,8270
grave,8264,8264
ounce,8262,8262
whale,8262,8262
shady,8262,8262
wheat,8261,8261
crass,11288,8255
yield,8254,8254
bleak,8254,8254
deity,8253,8253
fried,8253,8253
nasal,10600,8252
loath,8248,8248
prune,8248,8248
cutie,8239,8239
heady,8238,8238
extol,8234,8234
midst,8234,8234
inane,9519,8234
demon,8233,8233
racer,10141,8231
eaten,11236,8227
snack,8226,8226
sleek,11233,8224
parer,10132,8222
paper,9177,8222
fable,8219,8219
lunar,8218,8218
spank,8217,8217
joist,8214,8214
wider,8197,8197
weird,8197,8197
dowel,8196,8196
droit,8183,8183
mower,8182,8182
lusty,8179,8179
speed,11187,8178
sling,8175,8175
sting,8174,8174
baron,8173,8173
semen,11179,8170
sprig,8169,8169
hoard,8168,8168
mange,8164,8164
gnash,8159,8159
crude,8153,8153
scuba,8149,8149
bloat,8149,8149
snaky,8148,8148
salad,10496,8148
broke,8145,8145
gripe,8145,8145
prude,8144,8144
scamp,8143,8143
sheen,11150,8141
beady,8139,8139
organ,8137,8137
groan,8137,8137
swell,9719,8133
sweet,11141,8132
spawn,8126,8126
audio,8125,8125
flask,8124,8124
ladle,9710,8124
aloud,8119,8119
ovine,8119,8119
stool,10034,8119
zebra,8117,8117
cover,8116,8116
quasi,8115,8115
grail,8115,8115
novel,8113,8113
gloat,8113,8113
rearm,10020,8110
seedy,11118,8109
squat,8108,8108
prove,8107,8107
harsh,8919,8105
flake,8100,8100
cairn,8099,8099
trite,9681,8096
piano,8095,8095
stock,8093,8093
slink,8092,8092
stink,8091,8091
cheap,8090,8090
peach,8090,8090
waver,8090,8090
equal,8085,8085
debit,8082,8082
graze,8081,8081
gazer,8081,8081
valor,8077,8077
shank,8076,8076
halve,8075,8075
biome,8074,8074
forge,8074,8074
board,8069,8069
broad,8069,8069
liken,8068,8068
plait,8066,8066
clerk,8065,8065
knelt,8061,8061
usual,9145,8056
tipsy,8051,8051
glide,8047,8047
exact,8045,8045
tweak,8043,8043
dross,11072,8039
bonus,8037,8037
began,8036,8036
berth,8033,8033
elfin,8033,8033
grime,8033,8033
demur,8032,8032
golem,8032,8032
piety,8027,8027
ghost,8026,8026
rainy,8021,8021
risky,8017,8017
odder,9196,8015
order,9925,8015
video,8015,8015
rodeo,9930,8015
erode,11024,8015
drive,8010,8010
diver,8010,8010
brass,11039,8006
scowl,8003,8003
chasm,8002,8002
frail,7997,7997
flair,7997,7997
float,7995,7995
aloft,7995,7995
mover,7995,7995
acrid,7995,7995
rapid,7986,7986
impel,7985,7985
adopt,7984,7984
rebar,9892,7982
macro,7980,7980
phone,7978,7978
twine,7976,7976
smirk,7974,7974
grass,11003,7970
hover,7966,7966
ethic,7964,7964
fiery,7958,7958
decoy,7955,7955
guile,7955,7955
flyer,7952,7952
sieve,10961,7952
roach,7951,7951
decry,7950,7950
eager,10955,7946
agree,10955,7946
dopey,7946,7946
shirk,7945,7945
virus,7942,7942
gavel,7940,7940
slimy,7940,7940
money,7938,7938
trawl,7934,7934
uncle,7933,7933
badge,7932,7932
coupe,7932,7932
class,10964,7931
field,7929,7929
fetid,7928,7928
maize,7927,7927
pasta,10269,7921
dairy,7917,7917
diary,7917,7917
today,7915,7915
tardy,7910,7910
denim,7910,7910
honey,7909,7909
globe,7904,7904
mayor,7902,7902
lapel,9484,7898
apple,8853,7898
endow,7895,7895
hazel,7892,7892
cagey,7886,7886
syrup,7873,7873
modal,7873,7873
wield,7873,7873
smith,7867,7867
dwelt,7866,7866
sally,9439,7853
cobra,7852,7852
tasty,9437,7852
brain,7850,7850
beach,7850,7850
baton,7848,7848
brisk,7846,7846
minus,7842,7842
scrum,7839,7839
oxide,7836,7836
grove,7831,7831
flute,7830,7830
whole,7829,7829
alley,9415,7829
clued,7829,7829
detox,7829,7829
threw,7823,7823
cross,10855,7822
bloke,7821,7821
chess,10853,7820
amiss,10849,7816
cargo,7816,7816
grain,7814,7814
along,7813,7813
tango,7812,7812
lumen,7812,7812
tonga,7812,7812
sheep,10820,7811
unmet,7811,7811
boney,7810,7810
segue,10819,7810
crush,7810,7810
guess,10843,7810
ebony,7810,7810
small,9396,7810
grant,7807,7807
shunt,7806,7806
maybe,7801,7801
corer,9708,7798
voice,7798,7798
still,9382,7796
stilt,9381,7796
inner,9081,7796
audit,7795,7795
blaze,7793,7793
clove,7792,7792
covet,7791,7791
adult,7789,7789
enter,10798,7789
fiber,7787,7787
brief,7787,7787
fibre,7787,7787
smack,7784,7784
viper,7784,7784
shall,9367,7781
slash,10814,7781
stash,10813,7780
mural,7776,7776
blend,7776,7776
haven,7774,7774
dusty,7774,7774
study,7774,7774
antic,7774,7774
elite,10781,7772
title,9357,7772
waive,7772,7772
aware,10120,7772
slick,7771,7771
stick,7770,7770
seize,10778,7769
plain,7766,7766
paint,7765,7765
voila,7759,7759
plant,7759,7759
viola,7759,7759
tarot,9343,7758
aorta,10106,7758
glaze,7757,7757
heath,8570,7756
theta,9341,7756
shack,7755,7755
sauna,10103,7755
viral,7754,7754
rival,7754,7754
grief,7751,7751
spiny,7751,7751
braid,7746,7746
rabid,7746,7746
deign,7746,7746
sorry,9654,7744
croak,7733,7733
gnome,7731,7731
below,7730,7730
bowel,7730,7730
elbow,7730,7730
piney,7727,7727
broil,7718,7718
orbit,7717,7717
stood,9629,7714
joust,7711,7711
scrub,7711,7711
cleft,7705,7705
squad,7704,7704
sight,7703,7703
abhor,7702,7702
derby,7701,7701
diode,8878,7697
inlay,7697,7697
chafe,7696,7696
mince,7693,7693
silky,7693,7693
rider,9602,7692
frisk,7692,7692
dried,8873,7692
drier,9602,7692
basis,10721,7688
boxer,7688,7688
elder,10695,7686
devil,7686,7686
deter,10694,7685
party,7684,7684
swamp,7684,7684
basal,10030,7682
eight,7679,7679
suing,7678,7678
using,7678,7678
movie,7677,7677
shaky,7677,7677
slung,7672,7672
stung,7671,7671
niche,7664,7664
plaid,7662,7662
label,9244,7658
abate,10005,7657
epoch,7657,7657
twice,7655,7655
about,7652,7652
perch,7652,7652
quote,7651,7651
lunge,7648,7648
glass,10679,7646
seven,10654,7645
hovel,7642,7642
purge,7642,7642
tramp,7641,7641
vegan,7639,7639
pilot,7633,7633
dicey,7632,7632
chair,7628,7628
fiend,7628,7628
lefty,7627,7627
snowy,7624,7624
legal,9208,7622
algae,9970,7622
eagle,10631,7622
stout,9207,7622
chart,7621,7621
agate,9969,7621
foray,7620,7620
strut,9202,7617
truss,10650,7617
trust,9202,7617
ralph,7613,7613
mercy,7612,7612
randy,7610,7610
shiny,7610,7610
buyer,7609,7609
mauve,7607,7607
prize,7601,7601
apnea,9945,7597
ruler,9504,7594
utter,9178,7593
truer,9503,7593
daily,7593,7593
medic,7589,7589
slunk,7589,7589
stunk,7588,7588
irony,7588,7588
draft,7585,7585
shift,7585,7585
bilge,7581,7581
debut,7579,7579
loamy,7578,7578
hyper,7574,7574
nomad,7572,7572
widen,7572,7572
focus,7562,7562
shrub,7561,7561
thief,7561,7561
brush,7561,7561
chide,7560,7560
women,7557,7557
knave,7556,7556
shown,7552,7552
hairy,7550,7550
guide,7550,7550
admit,7549,7549
minor,7545,7545
depth,7544,7544
gross,10570,7537
drawl,7530,7530
froze,7530,7530
dunce,7528,7528
staff,8088,7527
shrug,7525,7525
dozen,7525,7525
music,7521,7521
joker,7519,7519
rhino,7516,7516
gorge,8192,7513
roger,9423,7513
north,7509,7509
thorn,7509,7509
giver,7508,7508
glove,7507,7507
slump,7506,7506
while,7506,7506
stump,7505,7505
white,7505,7505
fella,9090,7504
sweep,10511,7502
afoul,7499,7499
stint,9080,7495
cigar,7493,7493
coven,7491,7491
align,7490,7490
giant,7489,7489
sloop,9404,7489
spool,9404,7489
daunt,7488,7488
stoop,9403,7488
enema,10494,7485
cyber,7484,7484
plume,7482,7482
plush,7477,7477
crier,9385,7475
cello,9060,7474
octet,9058,7473
linen,8757,7472
curio,7470,7470
evict,7468,7468
erect,10477,7468
riper,9376,7466
piper,8421,7466
elope,10474,7465
court,7463,7463
rhyme,7462,7462
befit,7462,7462
chute,7461,7461
repel,10469,7460
leper,10469,7460
eying,7451,7451
vapor,7446,7446
vague,7443,7443
brand,7439,7439
musty,7436,7436
tiara,9783,7435
trait,9020,7435
allot,9020,7434
atoll,9020,7434
total,9019,7434
spicy,7430,7430
altar,9777,7429
vital,7429,7429
sooty,9334,7419
robin,7417,7417
tryst,8999,7414
envoy,7413,7413
femur,7412,7412
cloak,7409,7409
gonad,7408,7408
exult,7408,7408
grand,7403,7403
track,7403,7403
polka,7400,7400
offer,7956,7395
leery,10400,7391
retry,9300,7390
groin,7381,7381
round,7380,7380
neigh,7379,7379
hinge,7379,7379
ovary,7377,7377
heavy,7375,7375
focal,7374,7374
final,7372,7372
faint,7371,7371
venom,7370,7370
craft,7368,7368
elide,10377,7368
aptly,7360,7360
lurid,7358,7358
perky,7356,7356
wince,7355,7355
avoid,7354,7354
ardor,9264,7354
ahead,9700,7352
totem,8937,7352
smock,7351,7351
slosh,10381,7348
meter,10356,7347
shoot,9262,7347
urban,7347,7347
sooth,9262,7347
tumor,7342,7342
tonic,7341,7341
wooer,9254,7339
rower,9249,7339
quash,7337,7337
claim,7333,7333
vowel,7333,7333
point,7332,7332
pinto,7332,7332
quiet,7328,7328
quite,7328,7328
sense,13369,7327
print,7327,7327
hello,8910,7324
tubal,7323,7323
shock,7322,7322
ranch,7321,7321
drank,7320,7320
ether,10327,7318
there,10327,7318
three,10327,7318
crawl,7313,7313
woken,7310,7310
midge,7304,7304
choke,7298,7298
fairy,7297,7297
latch,7297,7297
rerun,9203,7293
curve,7290,7290
waxen,7286,7286
pixel,7281,7281
being,7280,7280
binge,7280,7280
begin,7280,7280
axion,7279,7279
empty,7278,7278
peace,10285,7276
swift,7276,7276
smoky,7273,7273
gusty,7272,7272
newly,7271,7271
tulle,8855,7269
zonal,7269,7269
stuck,7267,7267
rarer,11087,7267
leave,10270,7261
valve,7579,7261
gauze,7260,7260
front,7256,7256
amity,7254,7254
admin,7249,7249
imbue,7248,7248
boost,9163,7248
nudge,7243,7243
ficus,7239,7239
blush,7237,7237
bicep,7235,7235
sixty,7235,7235
warty,7234,7234
flirt,7234,7234
edify,7229,7229
drawn,7229,7229
bacon,7227,7227
bribe,7941,7226
micro,7224,7224
sappy,8177,7222
chime,7222,7222
rebel,10229,7220
beret,10228,7219
chard,7217,7217
adage,9565,7217
primo,7215,7215
turbo,7214,7214
gloss,10246,7213
fixer,7211,7211
guard,7207,7207
bravo,7206,7206
index,7206,7206
whine,7205,7205
payee,10207,7198
choir,7195,7195
aunty,7193,7193
sulky,7190,7190
ruder,9099,7189
udder,8370,7189
snoop,9103,7188
torch,7188,7188
spoon,9103,7188
enjoy,7184,7184
egret,10192,7183
greet,10192,7183
duvet,7182,7182
spasm,10212,7179
twirl,7178,7178
grout,7178,7178
fault,7169,7169
spill,8752,7166
mecca,8128,7164
sixth,7163,7163
gecko,7163,7163
wrath,7162,7162
eking,7161,7161
preen,10168,7159
dirty,7154,7154
showy,7153,7153
rover,9062,7152
gipsy,7145,7145
panic,7144,7144
elect,10153,7144
helix,7140,7140
clout,7139,7139
hardy,7139,7139
thyme,7137,7137
until,7137,7137
unlit,7137,7137
kiosk,7732,7136
cache,8099,7135
vicar,7132,7132
vocal,7131,7131
anvil,7129,7129
feign,7126,7126
gauge,7804,7125
unfed,7125,7125
haunt,7121,7121
bland,7115,7115
agony,7113,7113
angry,7108,7108
major,7105,7105
crank,7103,7103
world,7097,7097
silly,8683,7097
quake,7095,7095
floss,10128,7095
swing,7094,7094
prank,7094,7094
covey,7092,7092
gaily,7091,7091
fraud,7089,7089
flume,7088,7088
belch,7088,7088
graft,7083,7083
flush,7083,7083
third,7082,7082
gland,7079,7079
bulge,7078,7078
bugle,7078,7078
mango,7070,7070
among,7070,7070
unwed,7069,7069
brawl,7064,7064
creed,10073,7064
spiky,7062,7062
flour,7061,7061
lingo,7057,7057
login,7057,7057
ingot,7056,7056
truly,7056,7056
donut,7055,7055
habit,7054,7054
favor,7052,7052
proud,7050,7050
datum,7046,7046
knife,7043,7043
mourn,7042,7042
smash,10071,7038
aglow,7033,7033
manic,7032,7032
woven,7032,7032
radii,8623,7031
borax,7027,7027
valid,7025,7025
cramp,7020,7020
skimp,7019,7019
moult,7018,7018
armor,8926,7016
aroma,9364,7016
topic,7011,7011
optic,7011,7011
vogue,7010,7010
prawn,7003,7003
chain,7003,7003
china,7003,7003
tithe,8585,7000
troll,8582,6996
chant,6996,6996
stunt,8577,6992
agape,9339,6991
quota,6990,6990
usurp,8076,6987
gaunt,6986,6986
dryer,8896,6986
reedy,9995,6986
quart,6985,6985
wreck,6984,6984
abyss,10015,6982
glory,6976,6976
ennui,8260,6975
recur,8882,6972
wispy,6971,6971
snuck,6967,6967
salsa,12348,6967
dogma,6966,6966
upper,7918,6963
rupee,9972,6963
purer,8873,6963
puree,9972,6963
corny,6960,6960
crony,6960,6960
spunk,6958,6958
abbey,7673,6958
bayou,6953,6953
manly,6948,6948
modem,7791,6948
query,6947,6947
gassy,9979,6946
caput,6941,6941
chief,6940,6940
broth,6939,6939
throb,6939,6939
topaz,6938,6938
lyric,6938,6938
rural,8843,6933
fetch,6933,6933
vault,6926,6926
bliss,9959,6926
harpy,6913,6913
umbra,6905,6905
rumba,6905,6905
cabin,6904,6904
epoxy,6904,6904
libel,8488,6902
belie,9911,6902
bible,7617,6902
faith,6900,6900
woman,6896,6896
betel,9904,6895
aphid,6890,6890
arbor,8798,6888
fishy,6886,6886
blurt,6885,6885
macho,6884,6884
mocha,6884,6884
green,9892,6883
genre,9892,6883
given,6883,6883
charm,6879,6879
march,6879,6879
welch,6878,6878
prowl,6871,6871
whelp,6869,6869
scoop,8782,6867
liege,9875,6866
elude,9874,6865
cloth,6864,6864
etude,9873,6864
clang,6862,6862
aping,6859,6859
forty,6857,6857
evade,9865,6856
hefty,6855,6855
frond,6852,6852
agora,9200,6852
niece,9859,6850
madly,6844,6844
fluke,6841,6841
incur,6840,6840
creep,9847,6838
crepe,9847,6838
count,6838,6838
axiom,6837,6837
hymen,6837,6837
error,10654,6834
croup,6833,6833
drift,6829,6829
river,8739,6829
revel,9832,6823
lever,9832,6823
breed,9824,6815
circa,7778,6814
local,8399,6813
titan,8395,6810
horny,6810,6810
taint,8395,6810
cavil,6808,6808
tract,8392,6807
skill,8393,6807
carat,9155,6807
tulip,6807,6807
natal,9152,6804
apart,9146,6798
drown,6796,6796
bench,6787,6787
hotly,6786,6786
forth,6785,6785
dusky,6785,6785
froth,6785,6785
dodge,7965,6784
chord,6784,6784
tangy,6783,6783
annex,8066,6781
clank,6779,6779
greed,9788,6779
pushy,6777,6777
begun,6777,6777
gourd,6774,6774
stiff,7332,6771
plank,6770,6770
brawn,6763,6763
mirth,6744,6744
prong,6744,6744
juice,6743,6743
fleet,9750,6741
swoon,8653,6738
fruit,6737,6737
flout,6736,6736
logic,6736,6736
cloud,6735,6735
alloy,8321,6735
loyal,8321,6735
could,6735,6735
wagon,6732,6732
rally,8316,6730
throw,6729,6729
worth,6729,6729
ratty,8314,6729
glint,6727,6727
creme,9735,6726
geese,12739,6721
mount,6717,6717
swill,8302,6716
badly,6716,6716
fleck,6716,6716
twist,8300,6715
newer,9718,6709
renew,9718,6709
hydro,6706,6706
graph,6706,6706
lanky,6701,6701
swash,9733,6700
frank,6700,6700
awash,9048,6700
pique,6698,6698
equip,6698,6698
cheer,9706,6697
clamp,6696,6696
tenth,8278,6693
gouge,7371,6692
alarm,9035,6687
blond,6682,6682
arrow,8588,6678
mossy,9710,6677
budge,6673,6673
debug,6673,6673
kebab,7383,6668
quail,6668,6668
patch,6666,6666
mushy,6665,6665
candy,6664,6664
lupus,7752,6663
defer,9670,6661
freed,9670,6661
teddy,7842,6661
girly,6653,6653
dingo,6652,6652
doing,6652,6652
limbo,6651,6651
merry,8558,6648
trick,6647,6647
grind,6647,6647
exert,9652,6643
thank,6628,6628
vaunt,6625,6625
ivory,6621,6621
amply,6618,6618
birth,6616,6616
flint,6609,6609
tawny,6609,6609
weigh,6599,6599
yacht,6597,6597
gaffe,7158,6597
growl,6595,6595
sully,8180,6594
droll,8178,6592
drool,8507,6592
swung,6591,6591
savvy,6903,6585
brunt,6584,6584
burnt,6584,6584
caulk,6583,6583
album,6581,6581
girth,6580,6580
right,6580,6580
crown,6579,6579
wench,6577,6577
humor,6571,6571
built,6567,6567
briar,8475,6565
rabbi,7280,6565
genie,9574,6565
drink,6564,6564
undue,7653,6564
taboo,8478,6563
abbot,7278,6563
notch,6563,6563
porch,6558,6558
match,6554,6554
foamy,6553,6553
bossy,9582,6549
group,6548,6548
grunt,6548,6548
gamut,6544,6544
whisk,6540,6540
bushy,6537,6537
lofty,6533,6533
guilt,6531,6531
blank,6530,6530
visit,8120,6528
sushi,9561,6528
nerve,9531,6522
slush,9555,6522
never,9531,6522
berry,8430,6520
piece,9529,6520
fudge,6519,6519
toxin,6516,6516
laugh,6516,6516
tunic,6515,6515
handy,6514,6514
soggy,7192,6513
canon,7797,6512
eerie,12529,6511
input,6506,6506
bosom,8421,6506
dwarf,6505,6505
tutor,8084,6499
spook,8414,6499
trout,8084,6499
motif,6496,6496
shuck,6496,6496
bleed,9500,6491
lilac,8076,6490
iliac,8082,6490
jerky,6490,6490
heave,9498,6489
attic,8074,6489
gooey,8404,6489
cacti,7453,6489
tacit,8074,6489
bigot,6486,6486
doubt,6485,6485
squib,6482,6482
creek,9488,6479
ember,9486,6477
kneel,9485,6476
crowd,6475,6475
scoff,7034,6473
sniff,7032,6471
joint,6466,6466
trunk,6465,6465
spoof,8379,6464
awake,8806,6458
ledge,9464,6455
musky,6447,6447
cycle,7409,6445
koala,8793,6445
month,6442,6442
merge,9450,6441
morph,6437,6437
unity,6437,6437
petty,8020,6435
curly,6435,6435
annoy,7719,6434
pouty,6430,6430
magic,6426,6426
batch,6426,6426
pound,6425,6425
husky,6418,6418
vigor,6414,6414
lucid,6412,6412
friar,8321,6411
moldy,6411,6411
offal,6971,6410
aloof,8325,6410
afoot,8324,6409
swoop,8323,6408
whirl,6407,6407
rough,6407,6407
tally,7991,6405
twang,6402,6402
butte,7983,6398
wordy,6397,6397
dowry,6397,6397
rowdy,6397,6397
junta,6396,6396
jaunt,6396,6396
vapid,6394,6394
opium,6394,6394
briny,6388,6388
nobly,6387,6387
trump,6382,6382
human,6379,6379
tacky,6379,6379
balmy,6378,6378
flank,6376,6376
color,8290,6375
leech,9382,6373
prior,8282,6372
touch,6367,6367
ferry,8276,6366
pivot,6365,6365
troop,8280,6365
lurch,6363,6363
needy,9370,6361
blind,6359,6359
havoc,6359,6359
vodka,6358,6358
shook,8273,6358
allow,7940,6354
missy,9387,6354
banjo,6352,6352
ozone,8259,6344
vixen,6343,6343
amaze,8683,6335
brown,6330,6330
revue,9335,6326
exile,9335,6326
wrack,6323,6323
shyly,7205,6319
forum,6318,6318
mound,6313,6313
annul,7593,6308
razor,8218,6308
chalk,6308,6308
taunt,7892,6307
skulk,6900,6304
skull,7890,6304
crypt,6300,6300
lorry,8207,6297
grown,6294,6294
wrong,6294,6294
sunny,7578,6293
donor,8206,6291
youth,6289,6289
hound,6284,6284
drama,8630,6282
dwell,7867,6281
tweed,9289,6280
thong,6278,6278
would,6276,6276
idiot,7865,6273
ditto,7858,6273
rocky,6271,6271
drill,7855,6269
stuff,6829,6268
assay,11648,6267
sassy,12333,6267
bleep,9274,6265
crimp,6264,6264
blunt,6260,6260
light,6256,6256
clown,6255,6255
motor,8168,6253
vomit,6253,6253
theme,9260,6251
godly,6247,6247
mouth,6246,6246
crazy,6243,6243
deuce,9252,6243
alibi,7833,6241
thrum,6241,6241
tibia,7832,6240
where,9247,6238
chirp,6235,6235
amass,11605,6224
watch,6216,6216
pence,9222,6213
black,6209,6209
event,9206,6197
belly,7782,6196
toxic,6195,6195
minty,6191,6191
burly,6186,6186
bingo,6186,6186
bound,6185,6185
gaudy,6183,6183
canal,8531,6183
bring,6181,6181
weave,9189,6180
frown,6176,6176
build,6163,6163
larva,8510,6162
leggy,6839,6160
elegy,9169,6160
waltz,6159,6159
truck,6144,6144
gravy,6141,6141
wharf,6138,6138
filth,6138,6138
child,6137,6137
ditch,6136,6136
penny,7420,6135
guild,6127,6127
robot,8040,6125
every,9132,6123
unfit,6112,6112
mogul,6112,6112
carry,8018,6108
cling,6106,6106
parry,8009,6099
brink,6098,6098
rigor,8006,6096
delve,9103,6094
awful,6089,6089
dimly,6088,6088
flail,7673,6087
ghoul,6083,6083
tough,6082,6082
ought,6082,6082
fatal,8428,6080
hence,9081,6072
kneed,9080,6071
comma,6913,6070
adapt,8417,6069
mania,8416,6068
churn,6062,6062
queer,9070,6061
drunk,6061,6061
flack,6055,6055
judge,6047,6047
fancy,6044,6044
coach,7005,6041
mangy,6041,6041
bylaw,6040,6040
found,6031,6031
await,8378,6030
lying,6028,6028
tying,6027,6027
augur,7115,6026
enemy,9032,6023
clink,6023,6023
prick,6017,6017
fluid,6009,6009
blown,6006,6006
skunk,6599,6003
dally,7587,6001
quark,5996,5996
birch,5995,5995
botch,5993,5993
beget,8997,5988
marry,7897,5987
fewer,8994,5985
pupal,6933,5978
flaky,5977,5977
owing,5976,5976
wound,5975,5975
floor,7887,5972
wring,5971,5971
theft,7554,5969
snuff,6529,5968
junto,5963,5963
droop,7876,5961
harry,7868,5958
thing,5955,5955
night,5955,5955
moron,7868,5953
frock,5946,5946
swish,8977,5944
award,8292,5944
banal,8282,5934
mucus,7018,5929
honor,7839,5924
champ,5924,5924
qualm,5919,5919
verge,8925,5916
wheel,8923,5914
pitch,5910,5910
grimy,5910,5910
quilt,5905,5905
again,8252,5904
aging,6583,5904
union,7166,5881
tenet,10473,5879
occur,6842,5878
think,5872,5872
imply,5862,5862
phony,5855,5855
young,5854,5854
flown,5852,5852
villa,7430,5844
avail,8192,5844
itchy,5841,5841
evoke,8847,5838
pithy,5832,5832
hussy,8855,5822
mambo,6664,5821
fence,8828,5819
crack,6782,5818
parka,8157,5809
proxy,5805,5805
fever,8807,5798
fritz,5783,5783
catty,7368,5783
skiff,6343,5782
humus,6868,5779
brick,5777,5777
block,5776,5776
apply,6730,5775
blink,5774,5774
booze,7689,5774
patty,7359,5774
cumin,5773,5773
igloo,7687,5772
druid,6953,5772
downy,5772,5772
outdo,7685,5770
grill,7353,5767
crump,5761,5761
rumor,7667,5757
ionic,7348,5756
conic,6720,5756
colon,7665,5750
embed,8757,5748
lunch,5738,5738
quell,7323,5737
pouch,5737,5737
brood,7636,5721
hatch,6525,5711
catch,6675,5711
alpha,8051,5703
fling,5703,5703
venue,8710,5701
dandy,6881,5700
climb,5700,5700
excel,8707,5698
karma,8045,5697
pixie,7287,5695
blimp,5691,5691
expel,8698,5689
krill,7270,5684
hedge,8692,5683
dough,5678,5678
width,5677,5677
nylon,6957,5672
vinyl,5667,5667
axial,8013,5665
privy,5661,5661
fjord,5656,5656
folio,7569,5654
frill,7235,5649
eject,8656,5647
inbox,5646,5646
bawdy,5635,5635
dutch,5633,5633
bevel,8637,5628
dingy,5623,5623
dying,5623,5623
flock,5622,5622
blitz,5613,5613
cabal,7961,5613
pinch,5610,5610
limit,7198,5606
clung,5603,5603
weedy,8590,5581
jelly,7156,5570
fussy,8602,5569
jetty,7154,5569
oddly,6749,5568
dolly,7154,5568
toddy,6748,5567
dryly,6449,5563
roomy,7469,5554
gypsy,6439,5553
thick,5551,5551
tepee,11567,5549
avian,7891,5543
naval,7885,5537
lynch,5535,5535
batty,7119,5534
tabby,6249,5534
idiom,7123,5531
crumb,5521,5521
humid,5519,5519
might,5513,5513
plunk,5511,5511
sissy,11577,5511
slyly,7977,5505
milky,5503,5503
beech,8511,5502
gayly,6385,5499
clack,6458,5494
canny,6768,5483
freer,10399,5480
refer,10399,5480
furor,7385,5475
going,6150,5471
filmy,5468,5468
wrung,5468,5468
cough,5461,5461
witch,5460,5460
quoth,5456,5456
windy,5449,5449
bezel,8454,5445
radar,9697,5439
melee,11456,5438
clump,5437,5437
queen,8445,5436
unify,5413,5413
rotor,9235,5410
teeth,10002,5408
truth,6983,5398
blood,7312,5397
crook,7300,5385
crock,6349,5385
cheek,8392,5383
check,6347,5383
broom,7298,5383
knoll,6968,5382
taffy,5941,5380
fatty,6965,5380
caddy,6560,5379
wedge,8383,5374
paddy,6551,5370
rigid,6954,5362
lumpy,5359,5359
coyly,6237,5351
khaki,5946,5350
groom,7262,5347
condo,7260,5345
mafia,7692,5344
polyp,6297,5342
loopy,7257,5342
proof,7256,5341
fugue,6427,5338
murky,5324,5324
pubic,5315,5315
pinky,5314,5314
lipid,6906,5314
comic,6278,5314
ninja,6599,5314
belle,9905,5310
howdy,5301,5301
blurb,6015,5300
flick,5299,5299
wacky,5299,5299
mulch,5296,5296
thump,5286,5286
fauna,7631,5283
rugby,5279,5279
hippo,6231,5276
ninth,6561,5276
photo,7184,5269
outgo,7183,5268
pagan,7615,5267
penne,9543,5249
idyll,6831,5245
dilly,6831,5245
ditty,6829,5244
flood,7158,5243
gumbo,5241,5241
quirk,5240,5240
verve,8564,5237
fight,5231,5231
cacao,8539,5227
whack,5227,5227
cocoa,8106,5227
pupil,6177,5222
worry,7126,5216
finch,5216,5216
bough,5212,5212
fungi,5206,5206
holly,6787,5201
timid,6793,5201
flung,5200,5200
knack,5789,5193
widow,5698,5193
pluck,5190,5190
jewel,8198,5189
plumb,5188,5188
wight,5175,5175
beefy,8180,5171
geeky,8179,5170
comfy,5169,5169
curvy,5167,5167
butch,5167,5167
rajah,7509,5161
winch,5160,5160
manga,7503,5155
undid,6328,5147
array,9402,5144
brook,7051,5136
gulch,5132,5132
lucky,5121,5121
flunk,5117,5117
punch,5107,5107
lobby,5817,5102
booty,7016,5101
vouch,5100,5100
tweet,9693,5099
lymph,5084,5084
whiny,5082,5082
fanny,6365,5080
golly,6652,5066
ruddy,6247,5066
forgo,6980,5065
crick,6026,5062
clock,6025,5061
bloom,6974,5059
unzip,5056,5056
quack,5050,5050
thumb,5046,5046
digit,6629,5037
pizza,5165,5030
booth,6944,5029
icily,6620,5028
plaza,7372,5024
gloom,6938,5023
gawky,5014,5014
ovoid,6921,5006
juror,6913,5003
happy,5958,5003
munch,4995,4995
picky,4993,4993
conch,5942,4978
chili,6548,4956
chill,6542,4956
hitch,5769,4955
dumpy,4954,4954
folly,6534,4948
shush,8783,4936
duchy,4934,4934
uncut,6012,4923
maxim,5765,4922
glyph,4920,4920
cabby,5628,4913
level,9508,4913
wooly,6807,4892
lowly,6478,4892
papal,8192,4889
wryly,5773,4887
hilly,6464,4878
bulky,4872,4872
bunch,4867,4867
curry,6759,4849
nutty,6430,4845
moody,6740,4825
allay,8754,4820
tatty,7989,4819
emcee,10834,4816
onion,7992,4792
pudgy,4790,4790
nymph,4783,4783
couch,5746,4782
wimpy,4781,4781
billy,6365,4779
bitty,6363,4778
llama,8711,4777
knock,5356,4760
vying,4760,4760
chunk,4748,4748
dully,6328,4742
click,5702,4738
cynic,5691,4727
cliff,5264,4703
buxom,4701,4701
hurry,6609,4699
chaff,5248,4687
livid,6269,4677
tight,6255,4670
hunky,4670,4670
thigh,5484,4670
chump,4665,4665
goody,6576,4661
dodgy,5842,4661
macaw,7008,4660
kitty,6244,4659
cinch,5619,4655
jumbo,4651,4651
pooch,6563,4648
affix,5201,4640
baggy,5307,4628
filly,6211,4625
fifty,5185,4624
aback,6971,4623
juicy,4620,4620
bongo,6509,4594
willy,6155,4569
witty,6153,4568
fifth,5113,4552
icing,6112,4520
nanny,7089,4519
pulpy,5471,4516
putty,6100,4515
woody,6402,4487
dowdy,5668,4487
jolly,6062,4476
plump,5428,4473
civil,6052,4460
myrrh,6363,4453
hutch,5266,4452
furry,6356,4446
guava,6782,4434
funky,4417,4417
daddy,6777,4415
femme,8265,4413
mucky,4378,4378
biddy,5555,4374
madam,7563,4372
cubic,5324,4360
kinky,4955,4359
motto,7843,4343
giddy,5519,4338
hobby,5045,4330
quill,5906,4320
tooth,7814,4314
known,5586,4301
quick,4294,4294
chock,5253,4289
bully,5862,4276
hippy,5202,4247
gully,5826,4240
gruff,4800,4239
cluck,5199,4235
whoop,6104,4189
vigil,5767,4175
hunch,4966,4152
queue,8249,4151
fully,5708,4122
piggy,4791,4112
mammy,5763,4077
goofy,5956,4041
foggy,4720,4041
muddy,5180,3999
dummy,4842,3999
bunny,5260,3975
chick,4930,3966
bluff,4512,3951
kappa,7202,3899
which,4689,3875
buddy,5052,3871
gamma,7061,3870
magma,7061,3870
jumpy,3862,3862
kayak,6774,3830
funny,5106,3821
twixt,5406,3821
dizzy,3929,3794
ninny,6333,3763
poppy,5666,3756
minim,6155,3720
humph,4515,3701
boozy,5566,3651
guppy,4564,3609
bobby,4946,3516
booby,6146,3516
gummy,4340,3497
puffy,4052,3491
whiff,4033,3472
chuck,4427,3463
jazzy,3593,3458
woozy,5356,3441
mimic,5834,3399
buggy,4048,3369
pygmy,4249,3363
fluff,4358,3236
mamma,7225,3191
fizzy,3309,3174
jiffy,3689,3128
vivid,5001,3091
puppy,4840,2930
civic,5430,2874
mummy,4504,2818
fuzzy,2806,2671
